actual_profit,ask,bid,closed,closer,date,deal,ecc,entry_ema,etf,expected_profit,fast_ema,name,order,price,slow_ema,symbol,tcc,time,ttf,volume,win
0,8592.76,8591.35,False,<function ema_closer at 0x0000015432A82520>,2024-04-02,1981135901,1440,5,M5,6.0,8,FingerTrap,5084001318,8591.35,20,Volatility 75 (1s) Index,720,23:45:01.344908,H1,0.05,False
0,234150.93,234100.6,False,<function ema_closer at 0x0000015432A82520>,2024-04-03,1981152941,1440,5,M5,6.0,8,FingerTrap,5084018432,234150.93,20,Volatility 75 Index,720,00:40:02.260193,H1,0.001,False
0,8532.13,8530.72,False,<function ema_closer at 0x0000015432A82520>,2024-04-03,1981155926,1440,5,M5,6.0,8,FingerTrap,5084021441,8530.72,20,Volatility 75 (1s) Index,720,00:50:01.205802,H1,0.05,False
0,236207.32,236156.99,False,<function ema_closer at 0x0000015432A82520>,2024-04-03,1981169986,1440,5,M5,6.0,8,FingerTrap,5084035570,236207.32,20,Volatility 75 Index,720,01:40:02.263498,H1,0.001,False
0,541962.78,541926.37,False,<function ema_closer at 0x0000015432A82520>,2024-04-03,1981171420,1440,5,M5,6.0,8,FingerTrap,5084037015,541962.78,20,Volatility 25 (1s) Index,720,01:45:01.222070,H1,0.005,False
0,8537.18,8535.77,False,<function ema_closer at 0x0000015432A82520>,2024-04-03,1981174364,1440,5,M5,6.0,8,FingerTrap,5084040016,8535.77,20,Volatility 75 (1s) Index,720,01:55:01.220174,H1,0.05,False
0,8525.65,8524.24,False,<function ema_closer at 0x0000015432A82520>,2024-04-03,1981175646,1440,5,M5,6.0,8,FingerTrap,5084041341,8524.24,20,Volatility 75 (1s) Index,720,02:00:01.967134,H1,0.05,False
0,2301.925,2301.773,False,<function ema_closer at 0x0000015432A82520>,2024-04-03,1981183737,1440,5,M5,6.0,8,FingerTrap,5084049442,2301.773,20,Volatility 25 Index,720,02:30:02.583202,H1,0.5,False
0,1452.43,1451.98,False,<function ema_closer at 0x0000015432A82520>,2024-04-03,1981183751,1440,5,M5,6.0,8,FingerTrap,5084049464,1451.98,20,Volatility 100 (1s) Index,720,02:30:03.205372,H1,0.2,False
0,6607.768,6607.594,False,<function ema_closer at 0x0000015432A82520>,2024-04-03,1981189259,1440,5,M5,6.0,8,FingerTrap,5084055031,6607.768,20,Volatility 10 Index,720,02:50:02.206092,H1,0.5,False
0,2301.332,2301.18,False,<function ema_closer at 0x0000015432A82520>,2024-04-03,1981192117,1440,5,M5,6.0,8,FingerTrap,5084057876,2301.18,20,Volatility 25 Index,720,03:00:02.850798,H1,0.5,False
0,6607.784,6607.61,False,<function ema_closer at 0x0000015432A82520>,2024-04-03,1981192138,1440,5,M5,6.0,8,FingerTrap,5084057927,6607.784,20,Volatility 10 Index,720,03:00:04.225139,H1,0.5,False
0,8530.1,8528.69,False,<function ema_closer at 0x0000015432A82520>,2024-04-03,1981200597,1440,5,M5,6.0,8,FingerTrap,5084066453,8528.69,20,Volatility 75 (1s) Index,720,03:25:01.332289,H1,0.05,False
0,183975.06,183952.75,False,<function ema_closer at 0x0000015432A82520>,2024-04-03,1981206635,1440,5,M5,6.0,8,FingerTrap,5084072630,183975.06,20,Volatility 50 (1s) Index,720,03:45:01.283756,H1,0.005,False
0,543038.2,543001.79,False,<function ema_closer at 0x0000015432A82520>,2024-04-03,1981211466,1440,5,M5,6.0,8,FingerTrap,5084077642,543038.2,20,Volatility 25 (1s) Index,720,04:00:01.601042,H1,0.005,False
0,265.7629,265.7279,False,<function ema_closer at 0x0000015432A82520>,2024-04-03,1981218317,1440,5,M5,6.0,8,FingerTrap,5084084612,265.7629,20,Volatility 50 Index,720,04:20:02.295875,H1,4.0,False
0,6620.589,6620.415,False,<function ema_closer at 0x0000015432A82520>,2024-04-03,1981219853,1440,5,M5,6.0,8,FingerTrap,5084086162,6620.589,20,Volatility 10 Index,720,04:25:02.231233,H1,0.5,False
0,1517.33,1516.88,False,<function ema_closer at 0x0000015432A82520>,2024-04-03,1981221652,1440,5,M5,6.0,8,FingerTrap,5084087955,1517.33,20,Volatility 100 (1s) Index,720,04:30:01.277126,H1,0.2,False
0,2293.299,2293.147,False,<function ema_closer at 0x0000015432A82520>,2024-04-03,1981227886,1440,5,M5,6.0,8,FingerTrap,5084094283,2293.147,20,Volatility 25 Index,720,04:50:02.291585,H1,0.5,False
0,9671.89,9671.63,False,<function ema_closer at 0x0000015432A82520>,2024-04-03,1981237220,1440,5,M5,6.0,8,FingerTrap,5084103762,9671.89,20,Volatility 10 (1s) Index,720,05:15:02.271668,H1,0.5,False
0,266.2698,266.2348,False,<function ema_closer at 0x0000015432A82520>,2024-04-03,1981238950,1440,5,M5,6.0,8,FingerTrap,5084105466,266.2698,20,Volatility 50 Index,720,05:20:02.263873,H1,4.0,False
0,2294.035,2293.883,False,<function ema_closer at 0x0000015432A82520>,2024-04-03,1981240409,1440,5,M5,6.0,8,FingerTrap,5084106926,2293.883,20,Volatility 25 Index,720,05:25:02.232833,H1,0.5,False
0,542722.23,542685.82,False,<function ema_closer at 0x0000015432A82520>,2024-04-03,1981244018,1440,5,M5,6.0,8,FingerTrap,5084110570,542722.23,20,Volatility 25 (1s) Index,720,05:35:01.272760,H1,0.005,False
0,266.5284,266.4934,False,<function ema_closer at 0x0000015432A82520>,2024-04-03,1981255177,1440,5,M5,6.0,8,FingerTrap,5084121818,266.5284,20,Volatility 50 Index,720,06:05:02.347983,H1,4.0,False
0,543191.56,543155.15,False,<function ema_closer at 0x0000015432A82520>,2024-04-03,1981259261,1440,5,M5,6.0,8,FingerTrap,5084125940,543191.56,20,Volatility 25 (1s) Index,720,06:15:01.550935,H1,0.005,False
0,6620.997,6620.823,False,<function ema_closer at 0x0000015432A82520>,2024-04-03,1981266845,1440,5,M5,6.0,8,FingerTrap,5084133586,6620.997,20,Volatility 10 Index,720,06:30:02.406587,H1,0.5,False
0,185133.06,185110.75,False,<function ema_closer at 0x0000015432A82520>,2024-04-03,1981269340,1440,5,M5,6.0,8,FingerTrap,5084136103,185133.06,20,Volatility 50 (1s) Index,720,06:35:01.290954,H1,0.005,False
0,268.3991,268.3641,False,<function ema_closer at 0x0000015432A82520>,2024-04-03,1981282201,1440,5,M5,6.0,8,FingerTrap,5084149014,268.3991,20,Volatility 50 Index,720,07:05:02.238524,H1,4.0,False
0,9669.15,9668.89,False,<function ema_closer at 0x0000015432A82520>,2024-04-03,1981292000,1440,5,M5,6.0,8,FingerTrap,5084158873,9669.15,20,Volatility 10 (1s) Index,720,07:25:01.228563,H1,0.5,False
0,545288.75,545252.34,False,<function ema_closer at 0x0000015432A82520>,2024-04-03,1981294161,1440,5,M5,6.0,8,FingerTrap,5084161070,545288.75,20,Volatility 25 (1s) Index,720,07:30:02.306726,H1,0.005,False
0,1496.37,1495.92,False,<function ema_closer at 0x0000015432A82520>,2024-04-03,1981298216,1440,5,M5,6.0,8,FingerTrap,5084165135,1496.37,20,Volatility 100 (1s) Index,720,07:40:01.293546,H1,0.2,False
0,235372.35,235322.02,False,<function ema_closer at 0x0000015432A82520>,2024-04-03,1981301174,1440,5,M5,6.0,8,FingerTrap,5084168073,235372.35,20,Volatility 75 Index,720,07:45:02.274016,H1,0.001,False
0,266.3087,266.2737,False,<function ema_closer at 0x0000015432A82520>,2024-04-03,1981316366,1440,5,M5,6.0,8,FingerTrap,5084183284,266.3087,20,Volatility 50 Index,720,08:15:02.477133,H1,4.0,False
0,6644.424,6644.25,False,<function ema_closer at 0x0000015432A82520>,2024-04-03,1981322114,1440,5,M5,6.0,8,FingerTrap,5084189083,6644.424,20,Volatility 10 Index,720,08:25:02.306226,H1,0.5,False
0,543609.68,543573.27,False,<function ema_closer at 0x0000015432A82520>,2024-04-03,1981324863,1440,5,M5,6.0,8,FingerTrap,5084191925,543609.68,20,Volatility 25 (1s) Index,720,08:30:01.371382,H1,0.005,False
0,235649.18,235598.85,False,<function ema_closer at 0x0000015432A82520>,2024-04-03,1981324899,1440,5,M5,6.0,8,FingerTrap,5084191952,235649.18,20,Volatility 75 Index,720,08:30:02.279538,H1,0.001,False
0,9672.63,9672.37,False,<function ema_closer at 0x0000015432A82520>,2024-04-03,1981327042,1440,5,M5,6.0,8,FingerTrap,5084194135,9672.63,20,Volatility 10 (1s) Index,720,08:35:01.196971,H1,0.5,False
0,9680.01,9679.75,False,<function ema_closer at 0x0000015432A82520>,2024-04-03,1981350199,1440,5,M5,6.0,8,FingerTrap,5084217446,9680.01,20,Volatility 10 (1s) Index,720,09:20:01.198973,H1,0.5,False
0,6651.916,6651.742,False,<function ema_closer at 0x0000015432A82520>,2024-04-03,1981350218,1440,5,M5,6.0,8,FingerTrap,5084217456,6651.916,20,Volatility 10 Index,720,09:20:02.230238,H1,0.5,False
0,543440.21,543403.8,False,<function ema_closer at 0x0000015432A82520>,2024-04-03,1981368019,1440,5,M5,6.0,8,FingerTrap,5084235388,543440.21,20,Volatility 25 (1s) Index,720,09:55:01.271986,H1,0.005,False
0,2289.212,2289.06,False,<function ema_closer at 0x0000015432A82520>,2024-04-03,1981370136,1440,5,M5,6.0,8,FingerTrap,5084237489,2289.06,20,Volatility 25 Index,720,10:00:02.782498,H1,0.5,False
0,6654.768,6654.594,False,<function ema_closer at 0x0000015432A82520>,2024-04-03,1981375493,1440,5,M5,6.0,8,FingerTrap,5084242877,6654.768,20,Volatility 10 Index,720,10:10:02.217037,H1,0.5,False
0,543578.35,543541.94,False,<function ema_closer at 0x0000015432A82520>,2024-04-03,1981385019,1440,5,M5,6.0,8,FingerTrap,5084252464,543578.35,20,Volatility 25 (1s) Index,720,10:30:01.573338,H1,0.005,False
0,235357.1,235306.77,False,<function ema_closer at 0x0000015432A82520>,2024-04-03,1981387868,1440,5,M5,6.0,8,FingerTrap,5084255298,235357.1,20,Volatility 75 Index,720,10:35:02.269998,H1,0.001,False
0,235887.59,235837.26,False,<function ema_closer at 0x0000015432A82520>,2024-04-03,1981400864,1440,5,M5,6.0,8,FingerTrap,5084268281,235887.59,20,Volatility 75 Index,720,11:00:02.457895,H1,0.001,False
0,2280.642,2280.49,False,<function ema_closer at 0x0000015432A82520>,2024-04-03,1981403470,1440,5,M5,6.0,8,FingerTrap,5084270945,2280.49,20,Volatility 25 Index,720,11:05:02.342860,H1,0.5,False
0,543933.41,543897.0,False,<function ema_closer at 0x0000015432A82520>,2024-04-03,1981409351,1440,5,M5,6.0,8,FingerTrap,5084276889,543933.41,20,Volatility 25 (1s) Index,720,11:15:02.298881,H1,0.005,False
0,9704.02,9703.76,False,<function ema_closer at 0x0000015432A82520>,2024-04-03,1981414673,1440,5,M5,6.0,8,FingerTrap,5084282225,9704.02,20,Volatility 10 (1s) Index,720,11:25:01.277980,H1,0.5,False
0,1500.93,1500.48,False,<function ema_closer at 0x0000015432A82520>,2024-04-03,1981417241,1440,5,M5,6.0,8,FingerTrap,5084284773,1500.93,20,Volatility 100 (1s) Index,720,11:30:01.833427,H1,0.2,False
0,6650.815,6650.641,False,<function ema_closer at 0x0000015432A82520>,2024-04-03,1981422323,1440,5,M5,6.0,8,FingerTrap,5084289897,6650.815,20,Volatility 10 Index,720,11:40:02.242521,H1,0.5,False
0,8439.29,8437.88,False,<function ema_closer at 0x0000015432A82520>,2024-04-03,1981446250,1440,5,M5,6.0,8,FingerTrap,5084314028,8437.88,20,Volatility 75 (1s) Index,720,12:25:01.325702,H1,0.05,False
0,545677.65,545641.24,False,<function ema_closer at 0x0000015432A82520>,2024-04-03,1981449171,1440,5,M5,6.0,8,FingerTrap,5084316961,545677.65,20,Volatility 25 (1s) Index,720,12:30:01.484813,H1,0.005,False
0,9702.38,9702.12,False,<function ema_closer at 0x0000015432A82520>,2024-04-03,1981452016,1440,5,M5,6.0,8,FingerTrap,5084319823,9702.38,20,Volatility 10 (1s) Index,720,12:35:01.201821,H1,0.5,False
0,2271.799,2271.647,False,<function ema_closer at 0x0000015432A82520>,2024-04-03,1981458112,1440,5,M5,6.0,8,FingerTrap,5084325964,2271.647,20,Volatility 25 Index,720,12:45:02.494592,H1,0.5,False
0,545828.91,545792.5,False,<function ema_closer at 0x0000015432A82520>,2024-04-03,1981467719,1440,5,M5,6.0,8,FingerTrap,5084335544,545828.91,20,Volatility 25 (1s) Index,720,13:00:03.108922,H1,0.005,False
0,261.3943,261.3593,False,<function ema_closer at 0x0000015432A82520>,2024-04-03,1981518334,1440,5,M5,6.0,8,FingerTrap,5084386215,261.3593,20,Volatility 50 Index,720,14:20:02.280965,H1,4.0,False
0,2267.1,2266.948,False,<function ema_closer at 0x0000015432A82520>,2024-04-03,1981529353,1440,5,M5,6.0,8,FingerTrap,5084397295,2266.948,20,Volatility 25 Index,720,14:40:02.287856,H1,0.5,False
0,6641.8,6641.626,False,<function ema_closer at 0x0000015432A82520>,2024-04-03,1981532309,1440,5,M5,6.0,8,FingerTrap,5084400268,6641.8,20,Volatility 10 Index,720,14:45:02.218793,H1,0.5,False
0,546475.03,546438.62,False,<function ema_closer at 0x0000015432A82520>,2024-04-03,1981548796,1440,5,M5,6.0,8,FingerTrap,5084416873,546475.03,20,Volatility 25 (1s) Index,720,15:10:01.260087,H1,0.005,False
0,2272.579,2272.427,False,<function ema_closer at 0x0000015432A82520>,2024-04-03,1981554826,1440,5,M5,6.0,8,FingerTrap,5084422935,2272.427,20,Volatility 25 Index,720,15:20:02.287424,H1,0.5,False
0,258.5838,258.5488,False,<function ema_closer at 0x0000015432A82520>,2024-04-03,1981560204,1440,5,M5,6.0,8,FingerTrap,5084428407,258.5488,20,Volatility 50 Index,720,15:30:02.518374,H1,4.0,False
0,6656.38,6656.206,False,<function ema_closer at 0x0000015432A82520>,2024-04-03,1981592387,1440,5,M5,6.0,8,FingerTrap,5084460705,6656.38,20,Volatility 10 Index,720,16:20:02.211783,H1,0.5,False
0,1507.81,1507.36,False,<function ema_closer at 0x0000015432A82520>,2024-04-03,1981598039,1440,5,M5,6.0,8,FingerTrap,5084466544,1507.81,20,Volatility 100 (1s) Index,720,16:30:02.395098,H1,0.2,False
0,258.4653,258.4303,False,<function ema_closer at 0x0000015432A82520>,2024-04-03,1981603939,1440,5,M5,6.0,8,FingerTrap,5084472591,258.4303,20,Volatility 50 Index,720,16:40:02.351948,H1,4.0,False
0,186248.72,186226.41,False,<function ema_closer at 0x0000015432A82520>,2024-04-03,1981609567,1440,5,M5,6.0,8,FingerTrap,5084478460,186248.72,20,Volatility 50 (1s) Index,720,16:50:01.220894,H1,0.005,False
0,8541.27,8539.86,False,<function ema_closer at 0x0000015432A82520>,2024-04-03,1981615347,1440,5,M5,6.0,8,FingerTrap,5084484403,8539.86,20,Volatility 75 (1s) Index,720,17:00:05.338159,H1,0.05,False
0,257.6922,257.6572,False,<function ema_closer at 0x0000015432A82520>,2024-04-03,1981636837,1440,5,M5,6.0,8,FingerTrap,5084505988,257.6572,20,Volatility 50 Index,720,17:35:02.247147,H1,4.0,False
0,229213.54,229163.21,False,<function ema_closer at 0x0000015432A82520>,2024-04-03,1981648002,1440,5,M5,6.0,8,FingerTrap,5084517309,229163.21,20,Volatility 75 Index,720,17:55:02.226159,H1,0.001,False
0,257.4122,257.3772,False,<function ema_closer at 0x0000015432A82520>,2024-04-03,1981650962,1440,5,M5,6.0,8,FingerTrap,5084520331,257.3772,20,Volatility 50 Index,720,18:00:02.587691,H1,4.0,False
0,2273.936,2273.784,False,<function ema_closer at 0x0000015432A82520>,2024-04-03,1981651022,1440,5,M5,6.0,8,FingerTrap,5084520390,2273.784,20,Volatility 25 Index,720,18:00:04.461052,H1,0.5,False
0,228836.96,228786.63,False,<function ema_closer at 0x0000015432A82520>,2024-04-03,1981654053,1440,5,M5,6.0,8,FingerTrap,5084523401,228786.63,20,Volatility 75 Index,720,18:05:02.224279,H1,0.001,False
0,548751.15,548714.74,False,<function ema_closer at 0x0000015432A82520>,2024-04-03,1981660102,1440,5,M5,6.0,8,FingerTrap,5084529396,548751.15,20,Volatility 25 (1s) Index,720,18:15:01.672162,H1,0.005,False
0,8406.24,8404.83,False,<function ema_closer at 0x0000015432A82520>,2024-04-03,1981698533,1440,5,M5,6.0,8,FingerTrap,5084568027,8404.83,20,Volatility 75 (1s) Index,720,19:25:01.204118,H1,0.05,False
0,9641.94,9641.68,False,<function ema_closer at 0x000001E6D0D32520>,2024-04-03,1981804256,1440,5,M5,6.0,8,FingerTrap,5084674027,9641.68,20,Volatility 10 (1s) Index,720,23:30:01.791740,H1,0.5,False
0,548667.28,548630.87,False,<function ema_closer at 0x000001E6D0D32520>,2024-04-03,1981804274,1440,5,M5,6.0,8,FingerTrap,5084674039,548667.28,20,Volatility 25 (1s) Index,720,23:30:02.216498,H1,0.005,False
0,9641.74,9641.48,False,<function ema_closer at 0x000001E6D0D32520>,2024-04-04,1981815896,1440,5,M5,6.0,8,FingerTrap,5084685566,9641.48,20,Volatility 10 (1s) Index,720,00:10:01.241068,H1,0.5,False
0,239240.0,239189.67,False,<function ema_closer at 0x000001E6D0D32520>,2024-04-04,1981822170,1440,5,M5,6.0,8,FingerTrap,5084691867,239240.0,20,Volatility 75 Index,720,00:30:02.508608,H1,0.001,False
0,8362.13,8360.72,False,<function ema_closer at 0x000001E6D0D32520>,2024-04-04,1981823675,1440,5,M5,6.0,8,FingerTrap,5084693398,8360.72,20,Volatility 75 (1s) Index,720,00:35:01.283647,H1,0.05,False
0,1480.68,1480.23,False,<function ema_closer at 0x000001E6D0D32520>,2024-04-04,1981833131,1440,5,M5,6.0,8,FingerTrap,5084702860,1480.23,20,Volatility 100 (1s) Index,720,01:05:01.326069,H1,0.2,False
0,8367.99,8366.58,False,<function ema_closer at 0x000001E6D0D32520>,2024-04-04,1981840514,1440,5,M5,6.0,8,FingerTrap,5084710255,8366.58,20,Volatility 75 (1s) Index,720,01:35:01.291517,H1,0.05,False
0,239997.86,239947.53,False,<function ema_closer at 0x000001E6D0D32520>,2024-04-04,1981841641,1440,5,M5,6.0,8,FingerTrap,5084711366,239997.86,20,Volatility 75 Index,720,01:40:02.310040,H1,0.001,False
0,191555.34,191533.03,False,<function ema_closer at 0x000001E6D0D32520>,2024-04-04,1981846954,1440,5,M5,6.0,8,FingerTrap,5084716769,191555.34,20,Volatility 50 (1s) Index,720,02:00:01.864299,H1,0.005,False
0,2275.238,2275.086,False,<function ema_closer at 0x000001E6D0D32520>,2024-04-04,1981847021,1440,5,M5,6.0,8,FingerTrap,5084716801,2275.086,20,Volatility 25 Index,720,02:00:04.286135,H1,0.5,False
0,9633.5,9633.24,False,<function ema_closer at 0x000001E6D0D32520>,2024-04-04,1981852110,1440,5,M5,6.0,8,FingerTrap,5084721913,9633.24,20,Volatility 10 (1s) Index,720,02:20:01.310204,H1,0.5,False
0,6619.49,6619.316,False,<function ema_closer at 0x000001E6D0D32520>,2024-04-04,1981878145,1440,5,M5,6.0,8,FingerTrap,5084748858,6619.316,20,Volatility 10 Index,720,03:55:02.255700,H1,0.5,False
0,8340.87,8339.46,False,<function ema_closer at 0x000001E6D0D32520>,2024-04-04,1981884194,1440,5,M5,6.0,8,FingerTrap,5084755020,8339.46,20,Volatility 75 (1s) Index,720,04:15:01.263403,H1,0.05,False
0,9639.01,9638.75,False,<function ema_closer at 0x000001E6D0D32520>,2024-04-04,1981886125,1440,5,M5,6.0,8,FingerTrap,5084756987,9638.75,20,Volatility 10 (1s) Index,720,04:20:01.250604,H1,0.5,False
0,6610.765,6610.591,False,<function ema_closer at 0x000001E6D0D32520>,2024-04-04,1981888605,1440,5,M5,6.0,8,FingerTrap,5084759555,6610.591,20,Volatility 10 Index,720,04:25:02.225586,H1,0.5,False
0,9629.04,9628.78,False,<function ema_closer at 0x000001C236412520>,2024-04-04,1981901582,1440,5,M5,6.0,8,FingerTrap,5084773365,9628.78,20,Volatility 10 (1s) Index,720,05:05:01.218331,H1,0.5,False
0,8330.79,8329.38,False,<function ema_closer at 0x000001C236412520>,2024-04-04,1981905581,1440,5,M5,6.0,8,FingerTrap,5084777550,8329.38,20,Volatility 75 (1s) Index,720,05:15:01.374459,H1,0.05,False
0,190037.96,190015.65,False,<function ema_closer at 0x000001C236412520>,2024-04-04,1981915094,1440,5,M5,6.0,8,FingerTrap,5084787521,190037.96,20,Volatility 50 (1s) Index,720,05:40:01.219268,H1,0.005,False
0,8328.38,8326.97,False,<function ema_closer at 0x000001C236412520>,2024-04-04,1981929567,1440,5,M5,6.0,8,FingerTrap,5084802339,8326.97,20,Volatility 75 (1s) Index,720,06:20:01.221668,H1,0.05,False
0,6616.18,6616.006,False,<function ema_closer at 0x000001C236412520>,2024-04-04,1981933946,1440,5,M5,6.0,8,FingerTrap,5084806730,6616.006,20,Volatility 10 Index,720,06:30:02.444022,H1,0.5,False
0,6610.5,6610.326,False,<function ema_closer at 0x000001C236412520>,2024-04-04,1981950044,1440,5,M5,6.0,8,FingerTrap,5084822807,6610.326,20,Volatility 10 Index,720,07:05:02.269133,H1,0.5,False
0,191487.88,191465.57,False,<function ema_closer at 0x000001C236412520>,2024-04-04,1981961001,1440,5,M5,6.0,8,FingerTrap,5084833792,191487.88,20,Volatility 50 (1s) Index,720,07:30:01.248468,H1,0.005,False
0,263.2142,263.1792,False,<function ema_closer at 0x000001C236412520>,2024-04-04,1981961022,1440,5,M5,6.0,8,FingerTrap,5084833811,263.2142,20,Volatility 50 Index,720,07:30:02.279707,H1,4.0,False
0,548117.96,548081.55,False,<function ema_closer at 0x000001C236412520>,2024-04-04,1981965889,1440,5,M5,6.0,8,FingerTrap,5084838639,548117.96,20,Volatility 25 (1s) Index,720,07:40:01.428569,H1,0.005,False
0,2272.078,2271.926,False,<function ema_closer at 0x000001C236412520>,2024-04-04,1981976170,1440,5,M5,6.0,8,FingerTrap,5084848963,2271.926,20,Volatility 25 Index,720,08:05:02.353270,H1,0.5,False
0,6602.931,6602.757,False,<function ema_closer at 0x000001C236412520>,2024-04-04,1981980506,1440,5,M5,6.0,8,FingerTrap,5084853286,6602.757,20,Volatility 10 Index,720,08:15:02.386731,H1,0.5,False
0,191343.89,191321.58,False,<function ema_closer at 0x000001C236412520>,2024-04-04,1981982479,1440,5,M5,6.0,8,FingerTrap,5084855299,191343.89,20,Volatility 50 (1s) Index,720,08:20:01.216780,H1,0.005,False
0,548022.17,547985.76,False,<function ema_closer at 0x000001C236412520>,2024-04-04,1981988157,1440,5,M5,6.0,8,FingerTrap,5084861109,548022.17,20,Volatility 25 (1s) Index,720,08:35:01.225410,H1,0.005,False
0,8277.66,8276.25,False,<function ema_closer at 0x000001C236412520>,2024-04-04,1981988172,1440,5,M5,6.0,8,FingerTrap,5084861127,8276.25,20,Volatility 75 (1s) Index,720,08:35:02.225513,H1,0.05,False
0,262.8252,262.7902,False,<function ema_closer at 0x000001C236412520>,2024-04-04,1982002452,1440,5,M5,6.0,8,FingerTrap,5084875772,262.8252,20,Volatility 50 Index,720,09:05:02.308446,H1,4.0,False
0,8265.68,8264.27,False,<function ema_closer at 0x000001C236412520>,2024-04-04,1982007780,1440,5,M5,6.0,8,FingerTrap,5084881232,8264.27,20,Volatility 75 (1s) Index,720,09:15:01.566771,H1,0.05,False
0,191909.67,191887.36,False,<function ema_closer at 0x000001C236412520>,2024-04-04,1982014591,1440,5,M5,6.0,8,FingerTrap,5084888308,191909.67,20,Volatility 50 (1s) Index,720,09:30:01.441989,H1,0.005,False
0,191849.13,191826.82,False,<function ema_closer at 0x000001C236412520>,2024-04-04,1982033499,1440,5,M5,6.0,8,FingerTrap,5084907730,191849.13,20,Volatility 50 (1s) Index,720,10:10:01.288798,H1,0.005,False
0,8208.72,8207.31,False,<function ema_closer at 0x000001C236412520>,2024-04-04,1982042315,1440,5,M5,6.0,8,FingerTrap,5084916626,8207.31,20,Volatility 75 (1s) Index,720,10:25:01.271773,H1,0.05,False
0,262.6585,262.6235,False,<function ema_closer at 0x000001C236412520>,2024-04-04,1982045168,1440,5,M5,6.0,8,FingerTrap,5084919488,262.6585,20,Volatility 50 Index,720,10:30:02.300273,H1,4.0,False
0,1530.03,1529.58,False,<function ema_closer at 0x000001C236412520>,2024-04-04,1982050097,1440,5,M5,6.0,8,FingerTrap,5084924475,1530.03,20,Volatility 100 (1s) Index,720,10:40:01.270620,H1,0.2,False
0,1527.32,1526.87,False,<function ema_closer at 0x000001C236412520>,2024-04-04,1982059621,1440,5,M5,6.0,8,FingerTrap,5084934055,1527.32,20,Volatility 100 (1s) Index,720,11:00:03.784944,H1,0.2,False
0,9645.81,9645.55,False,<function ema_closer at 0x000001C236412520>,2024-04-04,1982086924,1440,5,M5,6.0,8,FingerTrap,5084961611,9645.55,20,Volatility 10 (1s) Index,720,11:55:01.258235,H1,0.5,False
0,6579.496,6579.322,False,<function ema_closer at 0x000001C236412520>,2024-04-04,1982093009,1440,5,M5,6.0,8,FingerTrap,5084967873,6579.322,20,Volatility 10 Index,720,12:05:02.285456,H1,0.5,False
0,227146.93,227096.6,False,<function ema_closer at 0x000001C236412520>,2024-04-04,1982103979,1440,5,M5,6.0,8,FingerTrap,5084979138,227096.6,20,Volatility 75 Index,720,12:25:02.299429,H1,0.001,False
0,9646.24,9645.98,False,<function ema_closer at 0x000001C236412520>,2024-04-04,1982109755,1440,5,M5,6.0,8,FingerTrap,5084984983,9645.98,20,Volatility 10 (1s) Index,720,12:35:01.200086,H1,0.5,False
0,8207.67,8206.26,False,<function ema_closer at 0x000001C236412520>,2024-04-04,1982127851,1440,5,M5,6.0,8,FingerTrap,5085003212,8206.26,20,Volatility 75 (1s) Index,720,13:05:01.241013,H1,0.05,False
0,6569.213,6569.039,False,<function ema_closer at 0x000001C236412520>,2024-04-04,1982134726,1440,5,M5,6.0,8,FingerTrap,5085010165,6569.039,20,Volatility 10 Index,720,13:15:02.247554,H1,0.5,False
0,2274.901,2274.749,False,<function ema_closer at 0x000001C236412520>,2024-04-04,1982134758,1440,5,M5,6.0,8,FingerTrap,5085010195,2274.749,20,Volatility 25 Index,720,13:15:04.263188,H1,0.5,False
0,545111.44,545075.03,False,<function ema_closer at 0x000001C236412520>,2024-04-04,1982138567,1440,5,M5,6.0,8,FingerTrap,5085014017,545075.03,20,Volatility 25 (1s) Index,720,13:20:01.272002,H1,0.005,False
0,1549.92,1549.47,False,<function ema_closer at 0x000001C236412520>,2024-04-04,1982141640,1440,5,M5,6.0,8,FingerTrap,5085017104,1549.92,20,Volatility 100 (1s) Index,720,13:25:01.202314,H1,0.2,False
0,230099.26,230048.93,False,<function ema_closer at 0x000001C236412520>,2024-04-04,1982163005,1440,5,M5,6.0,8,FingerTrap,5085038541,230048.93,20,Volatility 75 Index,720,14:00:02.679502,H1,0.001,False
0,2262.365,2262.213,False,<function ema_closer at 0x000001C236412520>,2024-04-04,1982187823,1440,5,M5,6.0,8,FingerTrap,5085063457,2262.213,20,Volatility 25 Index,720,14:40:02.330318,H1,0.5,False
0,8182.83,8181.42,False,<function ema_closer at 0x000001C236412520>,2024-04-04,1982193061,1440,5,M5,6.0,8,FingerTrap,5085068875,8181.42,20,Volatility 75 (1s) Index,720,14:50:02.279796,H1,0.05,False
0,545653.13,545616.72,False,<function ema_closer at 0x000001C236412520>,2024-04-04,1982193082,1440,5,M5,6.0,8,FingerTrap,5085068888,545616.72,20,Volatility 25 (1s) Index,720,14:50:02.311047,H1,0.005,False
0,1563.19,1562.74,False,<function ema_closer at 0x000001C236412520>,2024-04-04,1982198214,1440,5,M5,6.0,8,FingerTrap,5085074092,1563.19,20,Volatility 100 (1s) Index,720,15:00:03.053854,H1,0.2,False
0,545651.64,545615.23,False,<function ema_closer at 0x000001C236412520>,2024-04-04,1982200602,1440,5,M5,6.0,8,FingerTrap,5085076527,545615.23,20,Volatility 25 (1s) Index,720,15:05:01.283573,H1,0.005,False
0,260.0636,260.0286,False,<function ema_closer at 0x000001C236412520>,2024-04-04,1982211266,1440,5,M5,6.0,8,FingerTrap,5085087386,260.0286,20,Volatility 50 Index,720,15:25:02.336776,H1,4.0,False
0,8176.4,8174.99,False,<function ema_closer at 0x000001C236412520>,2024-04-04,1982214030,1440,5,M5,6.0,8,FingerTrap,5085090167,8174.99,20,Volatility 75 (1s) Index,720,15:30:01.615889,H1,0.05,False
0,230191.3,230140.97,False,<function ema_closer at 0x000001C236412520>,2024-04-04,1982214082,1440,5,M5,6.0,8,FingerTrap,5085090242,230140.97,20,Volatility 75 Index,720,15:30:02.219647,H1,0.001,False
0,259.8138,259.7788,False,<function ema_closer at 0x000001C236412520>,2024-04-04,1982245750,1440,5,M5,6.0,8,FingerTrap,5085123174,259.7788,20,Volatility 50 Index,720,16:25:02.228542,H1,4.0,False
0,6562.786,6562.612,False,<function ema_closer at 0x000001C236412520>,2024-04-04,1982248517,1440,5,M5,6.0,8,FingerTrap,5085126194,6562.612,20,Volatility 10 Index,720,16:30:02.571449,H1,0.5,False
0,9618.1,9617.84,False,<function ema_closer at 0x000001C236412520>,2024-04-04,1982251404,1440,5,M5,6.0,8,FingerTrap,5085129300,9617.84,20,Volatility 10 (1s) Index,720,16:35:01.205192,H1,0.5,False
0,541384.19,541347.78,False,<function ema_closer at 0x000001C236412520>,2024-04-04,1982261491,1440,5,M5,6.0,8,FingerTrap,5085139692,541347.78,20,Volatility 25 (1s) Index,720,16:50:01.257674,H1,0.005,False
0,1575.91,1575.46,False,<function ema_closer at 0x000001C236412520>,2024-04-04,1982271569,1440,5,M5,6.0,8,FingerTrap,5085150210,1575.91,20,Volatility 100 (1s) Index,720,17:05:01.272244,H1,0.2,False
0,6562.002,6561.828,False,<function ema_closer at 0x000001C236412520>,2024-04-04,1982271603,1440,5,M5,6.0,8,FingerTrap,5085150242,6561.828,20,Volatility 10 Index,720,17:05:02.209871,H1,0.5,False
0,8196.38,8194.97,False,<function ema_closer at 0x000001C236412520>,2024-04-04,1982282345,1440,5,M5,6.0,8,FingerTrap,5085161225,8194.97,20,Volatility 75 (1s) Index,720,17:25:01.198305,H1,0.05,False
0,9616.59,9616.33,False,<function ema_closer at 0x000001C236412520>,2024-04-04,1982285528,1440,5,M5,6.0,8,FingerTrap,5085164447,9616.33,20,Volatility 10 (1s) Index,720,17:30:01.636716,H1,0.5,False
0,187629.05,187606.74,False,<function ema_closer at 0x000001C236412520>,2024-04-04,1982300120,1440,5,M5,6.0,8,FingerTrap,5085179005,187606.74,20,Volatility 50 (1s) Index,720,17:55:01.299785,H1,0.005,False
0,1576.78,1576.33,False,<function ema_closer at 0x000001C236412520>,2024-04-04,1982319587,1440,5,M5,6.0,8,FingerTrap,5085198641,1576.78,20,Volatility 100 (1s) Index,720,18:25:01.222415,H1,0.2,False
0,188097.6,188075.29,False,<function ema_closer at 0x000001C236412520>,2024-04-04,1982329034,1440,5,M5,6.0,8,FingerTrap,5085208251,188075.29,20,Volatility 50 (1s) Index,720,18:40:01.239496,H1,0.005,False
0,222275.11,222224.78,False,<function ema_closer at 0x000001C236412520>,2024-04-04,1982332222,1440,5,M5,6.0,8,FingerTrap,5085211459,222224.78,20,Volatility 75 Index,720,18:45:02.428429,H1,0.001,False
0,9618.73,9618.47,False,<function ema_closer at 0x000001C236412520>,2024-04-04,1982334932,1440,5,M5,6.0,8,FingerTrap,5085214222,9618.47,20,Volatility 10 (1s) Index,720,18:50:01.229074,H1,0.5,False
0,537639.38,537602.97,False,<function ema_closer at 0x000001C236412520>,2024-04-04,1982345456,1440,5,M5,6.0,8,FingerTrap,5085224729,537602.97,20,Volatility 25 (1s) Index,720,19:05:01.214401,H1,0.005,False
0,2255.825,2255.673,False,<function ema_closer at 0x000001C236412520>,2024-04-04,1982348758,1440,5,M5,6.0,8,FingerTrap,5085228096,2255.673,20,Volatility 25 Index,720,19:10:02.253964,H1,0.5,False
0,264.0668,264.0318,False,<function ema_closer at 0x000001C236412520>,2024-04-04,1982363915,1440,5,M5,6.0,8,FingerTrap,5085243307,264.0668,20,Volatility 50 Index,720,19:35:02.330580,H1,4.0,False
0,188697.04,188674.73,False,<function ema_closer at 0x000001C236412520>,2024-04-04,1982366751,1440,5,M5,6.0,8,FingerTrap,5085246179,188674.73,20,Volatility 50 (1s) Index,720,19:40:01.199484,H1,0.005,False
0,220901.43,220851.1,False,<function ema_closer at 0x000001C236412520>,2024-04-04,1982369844,1440,5,M5,6.0,8,FingerTrap,5085249250,220851.1,20,Volatility 75 Index,720,19:45:02.239436,H1,0.001,False
